{"1": {"average_links": 0.0, "average_diameter": 0.0, "average_messages_sent": 0.0, "average_neighbours": 0.0}, "6": {"average_links": 8.5, "average_diameter": 2.85, "average_messages_sent": 10.80055, "average_neighbours": 3.0}, "11": {"average_links": 20.6, "average_diameter": 3.65, "average_messages_sent": 30.5016, "average_neighbours": 3.8181818181818183}, "16": {"average_links": 36.725, "average_diameter": 4.175, "average_messages_sent": 56.61885, "average_neighbours": 4.75}, "21": {"average_links": 51.35, "average_diameter": 4.175, "average_messages_sent": 81.914475, "average_neighbours": 3.7142857142857144}, "26": {"average_links": 66.275, "average_diameter": 4.45, "average_messages_sent": 108.327275, "average_neighbours": 3.5384615384615383}, "31": {"average_links": 85.55, "average_diameter": 4.4, "average_messages_sent": 142.420575, "average_neighbours": 6.193548387096774}, "36": {"average_links": 104.95, "average_diameter": 4.35, "average_messages_sent": 176.765025, "average_neighbours": 4.333333333333333}, "41": {"average_links": 120.475, "average_diameter": 4.475, "average_messages_sent": 205.8381, "average_neighbours": 4.7317073170731705}, "46": {"average_links": 150.8, "average_diameter": 4.275, "average_messages_sent": 249.231575, "average_neighbours": 7.304347826086956}, "51": {"average_links": 174.05, "average_diameter": 4.325, "average_messages_sent": 290.443525, "average_neighbours": 7.372549019607843}, "56": {"average_links": 187.775, "average_diameter": 4.5, "average_messages_sent": 320.659625, "average_neighbours": 10.142857142857142}, "61": {"average_links": 201.975, "average_diameter": 4.5, "average_messages_sent": 342.469425, "average_neighbours": 9.704918032786885}, "66": {"average_links": 255.425, "average_diameter": 4.275, "average_messages_sent": 424.341925, "average_neighbours": 7.2727272727272725}, "71": {"average_links": 239.725, "average_diameter": 4.8, "average_messages_sent": 415.4614, "average_neighbours": 6.338028169014085}, "76": {"average_links": 278.525, "average_diameter": 4.625, "average_messages_sent": 472.08075, "average_neighbours": 5.657894736842105}, "81": {"average_links": 304.9, "average_diameter": 4.55, "average_messages_sent": 522.786025, "average_neighbours": 6.37037037037037}, "86": {"average_links": 326.875, "average_diameter": 4.5, "average_messages_sent": 553.139825, "average_neighbours": 9.162790697674419}, "91": {"average_links": 360.925, "average_diameter": 4.575, "average_messages_sent": 618.3997, "average_neighbours": 5.802197802197802}, "96": {"average_links": 363.45, "average_diameter": 4.65, "average_messages_sent": 625.1011, "average_neighbours": 5.395833333333333}, "101": {"average_links": 405.425, "average_diameter": 4.475, "average_messages_sent": 682.376925, "average_neighbours": 8.07920792079208}, "106": {"average_links": 379.15, "average_diameter": 4.825, "average_messages_sent": 673.069225, "average_neighbours": 6.660377358490566}, "111": {"average_links": 446.7, "average_diameter": 4.6, "average_messages_sent": 766.587125, "average_neighbours": 6.936936936936937}, "116": {"average_links": 459.25, "average_diameter": 4.625, "average_messages_sent": 793.9972, "average_neighbours": 7.810344827586207}, "121": {"average_links": 466.025, "average_diameter": 4.775, "average_messages_sent": 819.3599, "average_neighbours": 7.8347107438016526}, "126": {"average_links": 471.85, "average_diameter": 5.025, "average_messages_sent": 843.9193, "average_neighbours": 6.079365079365079}, "131": {"average_links": 563.275, "average_diameter": 4.525, "average_messages_sent": 971.529475, "average_neighbours": 8.732824427480915}, "136": {"average_links": 531.675, "average_diameter": 4.775, "average_messages_sent": 936.650125, "average_neighbours": 7.264705882352941}, "141": {"average_links": 582.075, "average_diameter": 4.7, "average_messages_sent": 1018.951125, "average_neighbours": 11.23404255319149}, "146": {"average_links": 587.875, "average_diameter": 4.875, "average_messages_sent": 1022.24205, "average_neighbours": 7.917808219178082}, "151": {"average_links": 630.25, "average_diameter": 4.6, "average_messages_sent": 1095.943, "average_neighbours": 7.3509933774834435}}